<application>
  <component name="GeneralSettings">
    <option name="showTipsOnStartup" value="false" />
    <option name="confirmExit" value="false" />
    <option name="confirmOpenNewProject2" value="0" />
  </component>
  <component name="Registry">
    <entry key="ide.experimental.ui" value="true" />
    <entry key="suggest.all.run.configurations.from.context" value="true" />
    <entry key="i18n.locale" value="" />
    <entry key="moved.to.new.ui" value="true" />
    <entry key="enable.connection.configuration.widget" value="false" />
    <entry key="THIN_CLIENT_EXTERNAL_SYSTEM.system.in.process" value="true" />
  </component>
  <component name="StatusBar">
    <option name="widgets">
      <map>
        <entry key="CwmWireStatsWidgetFactory" value="false" />
      </map>
    </option>
  </component>
</application>