<application>
  <component name="SettingsSyncSettings">
    <option name="disabledSubcategories">
      <map>
        <entry key="PLUGINS">
          <value>
            <list>
              <option value="Pythonid" />
              <option value="com.intellij.notebooks.core" />
              <option value="com.intellij.plugins.vscodekeymap" />
              <option value="io.kanro.idea.plugin.protobuf" />
              <option value="leetcode-editor" />
              <option value="name.kropp.intellij.makefile" />
              <option value="org.intellij.scala" />
            </list>
          </value>
        </entry>
      </map>
    </option>
    <option name="migrationFromOldStorageChecked" value="true" />
    <option name="syncEnabled" value="true" />
  </component>
</application>