<application>
  <component name="SshConfigs">
    <configs>
      <sshConfig authType="PASSWORD" host="38.47.122.183" id="df557c3f-9f5e-4159-aa34-8f87c0e573bf" port="22" nameFormat="DESCRIPTIVE" username="root" useOpenSSHConfig="true" />
      <sshConfig authType="OPEN_SSH" host="10.36.169.151" id="463f3dc9-46c3-4d96-b629-352280102341" port="22" nameFormat="DESCRIPTIVE" username="shangyukun.ryan" useOpenSSHConfig="true" />
      <sshConfig authType="OPEN_SSH" host="10.37.94.120" id="28033fa7-96e7-41cb-9fb6-c1169dfd7c10" port="22" nameFormat="DESCRIPTIVE" username="ryqdev" useOpenSSHConfig="true" />
      <sshConfig host="10.37.94.120" id="b413348a-0232-40b4-9187-ca9d44792892" port="22" nameFormat="DESCRIPTIVE" username="shangyukun.ryan" useOpenSSHConfig="true" />
      <sshConfig host="192.168.2.166" id="9410a586-3f1f-4b08-882a-809fc3d24709" keyPath="$USER_HOME$/.ssh/local" port="22" nameFormat="DESCRIPTIVE" username="ryqdev" useOpenSSHConfig="true" />
    </configs>
  </component>
</application>