<application>
  <component name="SshLocalRecentConnectionsManager">
    <option name="connections">
      <list>
        <LocalRecentConnectionState>
          <option name="configId" value="9410a586-3f1f-4b08-882a-809fc3d24709" />
          <option name="projects">
            <list>
              <RecentProjectState>
                <option name="date" value="1725073446480" />
                <option name="latestUsedIde">
                  <RecentProjectInstalledIde>
                    <option name="buildNumber" value="242.21829.40" />
                    <option name="pathToIde" value="/home/ryqdev/.cache/JetBrains/RemoteDev/dist/c58aeead5198b_ideaIU-242.21829.40" />
                    <option name="productCode" value="IU" />
                  </RecentProjectInstalledIde>
                </option>
                <option name="productCode" value="IU" />
                <option name="projectPath" value="/home/ryqdev/Projects/cicd-pipeline" />
              </RecentProjectState>
              <RecentProjectState>
                <option name="date" value="1725073387311" />
                <option name="latestUsedIde">
                  <RecentProjectInstalledIde>
                    <option name="buildNumber" value="242.21829.40" />
                    <option name="pathToIde" value="/home/ryqdev/.cache/JetBrains/RemoteDev/dist/c58aeead5198b_ideaIU-242.21829.40" />
                    <option name="productCode" value="IU" />
                  </RecentProjectInstalledIde>
                </option>
                <option name="productCode" value="IU" />
                <option name="projectPath" value="/home/ryqdev/Projects/golden" />
              </RecentProjectState>
              <RecentProjectState>
                <option name="date" value="1725072402502" />
                <option name="latestUsedIde">
                  <RecentProjectInstalledIde>
                    <option name="buildNumber" value="242.21829.40" />
                    <option name="pathToIde" value="/home/ryqdev/.cache/JetBrains/RemoteDev/dist/c58aeead5198b_ideaIU-242.21829.40" />
                    <option name="productCode" value="IU" />
                  </RecentProjectInstalledIde>
                </option>
                <option name="productCode" value="IU" />
                <option name="projectPath" value="/home/ryqdev/Projects/go-demo" />
              </RecentProjectState>
              <RecentProjectState>
                <option name="date" value="1725070948597" />
                <option name="latestUsedIde">
                  <RecentProjectInstalledIde>
                    <option name="buildNumber" value="242.21829.40" />
                    <option name="pathToIde" value="/home/ryqdev/.cache/JetBrains/RemoteDev/dist/c58aeead5198b_ideaIU-242.21829.40" />
                    <option name="productCode" value="IU" />
                  </RecentProjectInstalledIde>
                </option>
                <option name="productCode" value="IU" />
                <option name="projectPath" value="/home/ryqdev/Projects/go" />
              </RecentProjectState>
              <RecentProjectState>
                <option name="date" value="1725070898579" />
                <option name="latestUsedIde">
                  <RecentProjectInstalledIde>
                    <option name="buildNumber" value="242.21829.40" />
                    <option name="pathToIde" value="/home/ryqdev/.cache/JetBrains/RemoteDev/dist/c58aeead5198b_ideaIU-242.21829.40" />
                    <option name="productCode" value="IU" />
                  </RecentProjectInstalledIde>
                </option>
                <option name="productCode" value="IU" />
                <option name="projectPath" value="/home/ryqdev/Projects/binance-rust" />
              </RecentProjectState>
              <RecentProjectState>
                <option name="date" value="1725070781175" />
                <option name="latestUsedIde">
                  <RecentProjectInstalledIde>
                    <option name="buildNumber" value="242.21829.40" />
                    <option name="pathToIde" value="/home/ryqdev/.cache/JetBrains/RemoteDev/dist/c58aeead5198b_ideaIU-242.21829.40" />
                    <option name="productCode" value="IU" />
                  </RecentProjectInstalledIde>
                </option>
                <option name="productCode" value="IU" />
                <option name="projectPath" value="/home/ryqdev/Projects" />
              </RecentProjectState>
            </list>
          </option>
        </LocalRecentConnectionState>
      </list>
    </option>
  </component>
</application>