<application>
  <component name="Trusted.Paths">
    <option name="TRUSTED_PROJECT_PATHS">
      <map>
        <entry key="$USER_HOME$/IdeaProjects/go-demo" value="true" />
        <entry key="$USER_HOME$/IdeaProjects/python-demo" value="true" />
        <entry key="$APPLICATION_CONFIG_DIR$/thinProject" value="true" />
        <entry key="$APPLICATION_CONFIG_DIR$/thinProject1" value="true" />
        <entry key="$APPLICATION_CONFIG_DIR$/thinProject10" value="true" />
        <entry key="$APPLICATION_CONFIG_DIR$/thinProject2" value="true" />
        <entry key="$APPLICATION_CONFIG_DIR$/thinProject4" value="true" />
        <entry key="$APPLICATION_CONFIG_DIR$/thinProject5" value="true" />
        <entry key="$APPLICATION_CONFIG_DIR$/thinProject6" value="true" />
        <entry key="$APPLICATION_CONFIG_DIR$/thinProject7" value="true" />
        <entry key="$USER_HOME$/Library/Application Support/JetBrains/Toolbox/scripts" value="true" />
        <entry key="$USER_HOME$/Projects/golang_utils" value="true" />
        <entry key="$USER_HOME$/Projects/hyperswitch" value="true" />
        <entry key="$USER_HOME$/Projects/json-extractor" value="true" />
        <entry key="$USER_HOME$/Projects/knowledge" value="true" />
        <entry key="$USER_HOME$/Projects/polars" value="true" />
      </map>
    </option>
  </component>
  <component name="Trusted.Paths.Settings">
    <option name="TRUSTED_PATHS">
      <list>
        <option value="$USER_HOME$/Projects" />
        <option value="$USER_HOME$/Library/Application Support/JetBrains/Toolbox" />
      </list>
    </option>
  </component>
</application>