<application>
  <component name="DimensionService">
    <location key="find.popup.0.0.6016.3384@192dpi" x="2536" y="320" />
    <location key="REMOTE_DEVELOPMENT_CONNECTION.0.0.6016.3384@192dpi" x="1926" y="1008" />
    <size key="GridCell.Tab.0.left.0.0.6016.3384@192dpi" width="3140" height="1600" />
    <size key="GridCell.Tab.0.center.0.0.6016.3384@192dpi" width="3140" height="1600" />
    <size key="GridCell.Tab.0.right.0.0.6016.3384@192dpi" width="3140" height="1600" />
    <size key="GridCell.Tab.0.bottom.0.0.6016.3384@192dpi" width="3140" height="1600" />
    <size key="find.popup.0.0.6016.3384@192dpi" width="1286" height="1080" />
    <size key="GridCell.Tab.0.left.0.0.2940.1912@192dpi" width="2658" height="1362" />
    <size key="GridCell.Tab.0.center.0.0.2940.1912@192dpi" width="2658" height="1362" />
    <size key="GridCell.Tab.0.right.0.0.2940.1912@192dpi" width="2658" height="1362" />
    <size key="GridCell.Tab.0.bottom.0.0.2940.1912@192dpi" width="2658" height="1362" />
    <size key="REMOTE_DEVELOPMENT_CONNECTION.0.0.6016.3384@192dpi" width="1600" height="1358" />
    <size key="GridCell.Tab.0.left.0.0.3420.2224@192dpi" width="3140" height="1600" />
    <size key="GridCell.Tab.0.center.0.0.3420.2224@192dpi" width="3140" height="1600" />
    <size key="GridCell.Tab.0.right.0.0.3420.2224@192dpi" width="3140" height="1600" />
    <size key="GridCell.Tab.0.bottom.0.0.3420.2224@192dpi" width="3140" height="1600" />
  </component>
  <component name="WindowManager">
    <frame x="0" y="25" width="3008" height="1667" fullScreen="true" />
  </component>
  <component name="WindowStateApplicationService">
    <state x="1254" y="435" width="500" height="507" key="#com.intellij.ssh.ui.SftpBrowserDialog" timestamp="1725070633176">
      <screen x="0" y="25" width="3008" height="1667" />
    </state>
    <state x="1254" y="435" width="500" height="507" key="#com.intellij.ssh.ui.SftpBrowserDialog/-1418.952.1418.919/0.25.3008.1667" timestamp="1725070633176" />
    <state x="880" y="525" width="935" height="757" key="WELCOME_SCREEN" timestamp="1725290033417">
      <screen x="52" y="43" width="1658" height="1069" />
    </state>
    <state x="1504" y="674" width="800" height="660" key="WELCOME_SCREEN/-1418.952.1418.919/0.25.3008.1667" timestamp="1725209887201" />
    <state x="1076" y="727" width="800" height="650" key="WELCOME_SCREEN/-1419.952.1419.919/0.25.3008.1667" timestamp="1725072094327" />
    <state x="1504" y="689" width="800" height="650" key="WELCOME_SCREEN/-1421.952.1421.919/0.25.3008.1667" timestamp="1725114793641" />
    <state x="1504" y="689" width="800" height="650" key="WELCOME_SCREEN/-1423.952.1423.919/0.25.3008.1667" timestamp="1725120306986" />
    <state x="971" y="548" width="800" height="650" key="WELCOME_SCREEN/51.37.1419.919" timestamp="1725094863247" />
    <state x="761" y="451" width="800" height="650" key="WELCOME_SCREEN/52.37.1418.919" timestamp="1725021111028" />
    <state x="880" y="525" width="935" height="757" key="WELCOME_SCREEN/52.43.1658.1069" timestamp="1725290033417" />
    <state width="300" height="524" key="manage.recent.projects.popup" timestamp="1725210641885">
      <screen x="0" y="25" width="3008" height="1667" />
    </state>
    <state width="300" height="532" key="manage.recent.projects.popup/-1418.952.1418.919/0.0.3008.1692" timestamp="1725158986574" />
    <state width="300" height="524" key="manage.recent.projects.popup/-1418.952.1418.919/0.25.3008.1667" timestamp="1725210641885" />
    <state width="300" height="532" key="manage.recent.projects.popup/-1470.952.1470.919/0.0.3008.1692" timestamp="1725158950573" />
    <state width="142" height="289" key="manage.recent.projects.popup/52.37.1418.919" timestamp="1725018270518" />
    <state x="1104" y="332" width="800" height="715" key="new project wizard" timestamp="1725078275142">
      <screen x="0" y="25" width="3008" height="1667" />
    </state>
    <state x="1104" y="332" width="800" height="715" key="new project wizard/-1418.952.1418.919/0.25.3008.1667" timestamp="1725078275142" />
  </component>
</application>