<keymap version="1" name="VSCode OSX (Migrated)" parent="VSCode OSX">
  <action id="Scala.ShowImplicits">
    <keyboard-shortcut first-keystroke="shift ctrl alt equals" />
    <keyboard-shortcut first-keystroke="shift ctrl alt add" />
  </action>
  <action id="SelectAllOccurrences">
    <keyboard-shortcut first-keystroke="meta f2" />
    <keyboard-shortcut first-keystroke="ctrl meta g" />
    <keyboard-shortcut first-keystroke="shift meta l" />
    <keyboard-shortcut first-keystroke="shift meta d" />
  </action>
</keymap>