<keymap version="1" name="XWin copy" parent="Default for XWin">
  <action id="$Copy">
    <keyboard-shortcut first-keystroke="ctrl c" />
    <keyboard-shortcut first-keystroke="ctrl insert" />
  </action>
  <action id="$Cut">
    <keyboard-shortcut first-keystroke="ctrl x" />
    <keyboard-shortcut first-keystroke="shift delete" />
  </action>
  <action id="$Delete">
    <keyboard-shortcut first-keystroke="delete" />
  </action>
  <action id="$Paste">
    <keyboard-shortcut first-keystroke="ctrl v" />
    <keyboard-shortcut first-keystroke="shift insert" />
  </action>
  <action id="$Redo">
    <keyboard-shortcut first-keystroke="shift ctrl z" />
    <keyboard-shortcut first-keystroke="shift alt back_space" />
  </action>
  <action id="$Undo">
    <keyboard-shortcut first-keystroke="ctrl z" />
    <keyboard-shortcut first-keystroke="alt back_space" />
  </action>
  <action id="ActivateTerminalToolWindow">
    <keyboard-shortcut first-keystroke="alt f12" />
    <keyboard-shortcut first-keystroke="ctrl j" />
  </action>
  <action id="Arrangement.Alias.Rule.Edit">
    <keyboard-shortcut first-keystroke="f2" />
  </action>
  <action id="Arrangement.Alias.Rule.Remove">
    <keyboard-shortcut first-keystroke="delete" />
  </action>
  <action id="Arrangement.Rule.Edit">
    <keyboard-shortcut first-keystroke="f2" />
  </action>
  <action id="Arrangement.Rule.Group.Condition.Move.Up">
    <keyboard-shortcut first-keystroke="alt up" />
  </action>
  <action id="Arrangement.Rule.Match.Condition.Move.Down">
    <keyboard-shortcut first-keystroke="alt down" />
  </action>
  <action id="Arrangement.Rule.Match.Condition.Move.Up">
    <keyboard-shortcut first-keystroke="alt up" />
  </action>
  <action id="Arrangement.Rule.Remove">
    <keyboard-shortcut first-keystroke="delete" />
  </action>
  <action id="AutoIndentLines">
    <keyboard-shortcut first-keystroke="ctrl alt i" />
  </action>
  <action id="Back">
    <keyboard-shortcut first-keystroke="ctrl alt left" />
  </action>
  <action id="BookmarksView.Delete">
    <keyboard-shortcut first-keystroke="delete" />
  </action>
  <action id="BookmarksView.Rename">
    <keyboard-shortcut first-keystroke="f2" />
  </action>
  <action id="CallHierarchy">
    <keyboard-shortcut first-keystroke="ctrl alt h" />
  </action>
  <action id="CallHierarchy.BaseOnThisMethod">
    <keyboard-shortcut first-keystroke="ctrl alt h" />
  </action>
  <action id="Cargo.DetachCargoProject">
    <keyboard-shortcut first-keystroke="delete" />
  </action>
  <action id="ChangeSignature">
    <keyboard-shortcut first-keystroke="ctrl f6" />
  </action>
  <action id="ChangeTypeSignature">
    <keyboard-shortcut first-keystroke="shift ctrl f6" />
  </action>
  <action id="ChangesView.AddUnversioned">
    <keyboard-shortcut first-keystroke="ctrl alt a" />
  </action>
  <action id="ChangesView.GroupBy.Directory">
    <keyboard-shortcut first-keystroke="ctrl alt p" />
  </action>
  <action id="ChangesView.GroupBy.Module">
    <keyboard-shortcut first-keystroke="ctrl alt m" />
  </action>
  <action id="ChangesView.Move">
    <keyboard-shortcut first-keystroke="shift alt m" />
  </action>
  <action id="ChangesView.Rename">
    <keyboard-shortcut first-keystroke="f2" />
    <keyboard-shortcut first-keystroke="shift f6" />
  </action>
  <action id="ChangesView.Revert">
    <keyboard-shortcut first-keystroke="ctrl alt z" />
  </action>
  <action id="ChangesView.SetDefault">
    <keyboard-shortcut first-keystroke="ctrl space" />
  </action>
  <action id="ChangesView.ShelveSilently">
    <keyboard-shortcut first-keystroke="shift ctrl h" />
  </action>
  <action id="ChangesView.ToggleCommitUi">
    <keyboard-shortcut first-keystroke="ctrl k" />
  </action>
  <action id="ChangesView.UnshelveSilently">
    <keyboard-shortcut first-keystroke="ctrl alt u" />
  </action>
  <action id="CheckinProject">
    <keyboard-shortcut first-keystroke="ctrl k" />
  </action>
  <action id="ChooseDebugConfiguration">
    <keyboard-shortcut first-keystroke="shift alt f9" />
  </action>
  <action id="ChooseRunConfiguration">
    <keyboard-shortcut first-keystroke="shift alt f10" />
  </action>
  <action id="ClassNameCompletion">
    <keyboard-shortcut first-keystroke="ctrl alt space" />
  </action>
  <action id="ClickLink">
    <keyboard-shortcut first-keystroke="ctrl b" />
  </action>
  <action id="CloseDiffEditor">
    <keyboard-shortcut first-keystroke="escape" />
  </action>
  <action id="CodeCompletion">
    <keyboard-shortcut first-keystroke="ctrl space" />
  </action>
  <action id="CodeFloatingToolbar.GotoPrevMenu">
    <keyboard-shortcut first-keystroke="shift tab" />
  </action>
  <action id="CodeInspection.OnEditor">
    <keyboard-shortcut first-keystroke="shift alt i" />
  </action>
  <action id="CollapseBlock">
    <keyboard-shortcut first-keystroke="shift ctrl period" />
  </action>
  <action id="CollapseSelection">
    <keyboard-shortcut first-keystroke="ctrl period" />
  </action>
  <action id="CommentByBlockComment">
    <keyboard-shortcut first-keystroke="shift ctrl slash" />
    <keyboard-shortcut first-keystroke="shift ctrl divide" />
  </action>
  <action id="CommentByLineComment">
    <keyboard-shortcut first-keystroke="ctrl slash" />
    <keyboard-shortcut first-keystroke="ctrl divide" />
  </action>
  <action id="CompareTwoFiles">
    <keyboard-shortcut first-keystroke="ctrl d" />
  </action>
  <action id="Compile">
    <keyboard-shortcut first-keystroke="shift ctrl f9" />
  </action>
  <action id="CompileDirty">
    <keyboard-shortcut first-keystroke="ctrl f9" />
  </action>
  <action id="CompileFile">
    <keyboard-shortcut first-keystroke="shift ctrl f9" />
  </action>
  <action id="Console.DbmsOutput">
    <keyboard-shortcut first-keystroke="ctrl f8" />
  </action>
  <action id="Console.Jdbc.BrowseHistory">
    <keyboard-shortcut first-keystroke="ctrl alt e" />
  </action>
  <action id="Console.Jdbc.Cancel">
    <keyboard-shortcut first-keystroke="ctrl f2" />
  </action>
  <action id="Console.Jdbc.Execute">
    <keyboard-shortcut first-keystroke="ctrl enter" />
  </action>
  <action id="Console.TableResult.AddColumn">
    <keyboard-shortcut first-keystroke="shift alt insert" />
  </action>
  <action id="Console.TableResult.AddRow">
    <keyboard-shortcut first-keystroke="alt insert" />
  </action>
  <action id="Console.TableResult.CloneColumn">
    <keyboard-shortcut first-keystroke="shift ctrl alt d" />
  </action>
  <action id="Console.TableResult.CloneRow">
    <keyboard-shortcut first-keystroke="ctrl d" />
  </action>
  <action id="Console.TableResult.ColumnSortAsc">
    <keyboard-shortcut first-keystroke="shift alt up" />
  </action>
  <action id="Console.TableResult.ColumnSortDesc">
    <keyboard-shortcut first-keystroke="shift alt down" />
  </action>
  <action id="Console.TableResult.ColumnSortReset">
    <keyboard-shortcut first-keystroke="shift ctrl alt back_space" />
  </action>
  <action id="Console.TableResult.ColumnsList">
    <keyboard-shortcut first-keystroke="ctrl f12" />
  </action>
  <action id="Console.TableResult.CompareCells">
    <keyboard-shortcut first-keystroke="shift ctrl d" />
  </action>
  <action id="Console.TableResult.Copy">
    <keyboard-shortcut first-keystroke="ctrl c" />
    <keyboard-shortcut first-keystroke="ctrl insert" />
  </action>
  <action id="Console.TableResult.CopyAggregatorResult">
    <keyboard-shortcut first-keystroke="shift ctrl c" />
  </action>
  <action id="Console.TableResult.DeleteColumns">
    <keyboard-shortcut first-keystroke="shift alt delete" />
  </action>
  <action id="Console.TableResult.DeleteRows">
    <keyboard-shortcut first-keystroke="ctrl y" />
  </action>
  <action id="Console.TableResult.EditFilterCriteria">
    <keyboard-shortcut first-keystroke="shift ctrl alt f" />
  </action>
  <action id="Console.TableResult.EditValue">
    <keyboard-shortcut first-keystroke="alt enter" />
    <keyboard-shortcut first-keystroke="f2" />
  </action>
  <action id="Console.TableResult.EditValueMaximized">
    <keyboard-shortcut first-keystroke="shift enter" />
    <keyboard-shortcut first-keystroke="shift alt enter" />
  </action>
  <action id="Console.TableResult.FindInGrid">
    <keyboard-shortcut first-keystroke="ctrl f" />
    <keyboard-shortcut first-keystroke="alt f3" />
  </action>
  <action id="Console.TableResult.GotoReferencedResult">
    <keyboard-shortcut first-keystroke="alt enter" />
    <keyboard-shortcut first-keystroke="f2" />
  </action>
  <action id="Console.TableResult.GotoReferencingResult">
    <keyboard-shortcut first-keystroke="ctrl b" />
  </action>
  <action id="Console.TableResult.HideEditMaximized">
    <keyboard-shortcut first-keystroke="shift escape" />
  </action>
  <action id="Console.TableResult.MaximizeEditingCell">
    <keyboard-shortcut first-keystroke="shift ctrl alt m" />
  </action>
  <action id="Console.TableResult.NavigateAction">
    <keyboard-shortcut first-keystroke="f4" />
  </action>
  <action id="Console.TableResult.NextPage">
    <keyboard-shortcut first-keystroke="ctrl alt down" />
  </action>
  <action id="Console.TableResult.OpenLocalFileAction">
    <keyboard-shortcut first-keystroke="f4" />
  </action>
  <action id="Console.TableResult.OpenWebUrlAction">
    <keyboard-shortcut first-keystroke="f4" />
  </action>
  <action id="Console.TableResult.PreviousPage">
    <keyboard-shortcut first-keystroke="ctrl alt up" />
  </action>
  <action id="Console.TableResult.Reload">
    <keyboard-shortcut first-keystroke="ctrl f5" />
  </action>
  <action id="Console.TableResult.RevertSelected">
    <keyboard-shortcut first-keystroke="ctrl alt z" />
  </action>
  <action id="Console.TableResult.SelectRow">
    <keyboard-shortcut first-keystroke="shift space" />
  </action>
  <action id="Console.TableResult.SetDefault">
    <keyboard-shortcut first-keystroke="ctrl alt d" />
  </action>
  <action id="Console.TableResult.SetNull">
    <keyboard-shortcut first-keystroke="ctrl alt n" />
  </action>
  <action id="Console.TableResult.ShowRecordView">
    <keyboard-shortcut first-keystroke="shift ctrl enter" />
  </action>
  <action id="Console.TableResult.Submit">
    <keyboard-shortcut first-keystroke="ctrl enter" />
  </action>
  <action id="Console.TableResult.SubmitAndCommit">
    <keyboard-shortcut first-keystroke="shift ctrl alt enter" />
  </action>
  <action id="Console.Transaction.Commit">
    <keyboard-shortcut first-keystroke="shift ctrl alt enter" />
  </action>
  <action id="ConvertJavaToKotlin">
    <keyboard-shortcut first-keystroke="shift ctrl alt k" />
  </action>
  <action id="CopyAbsolutePath">
    <keyboard-shortcut first-keystroke="shift ctrl c" />
  </action>
  <action id="CopyElement">
    <keyboard-shortcut first-keystroke="f5" />
  </action>
  <action id="CopyPaths">
    <keyboard-shortcut first-keystroke="shift ctrl c" />
  </action>
  <action id="CopyReference">
    <keyboard-shortcut first-keystroke="shift ctrl alt c" />
  </action>
  <action id="DSM.GoToNextCycle">
    <keyboard-shortcut first-keystroke="f2" />
  </action>
  <action id="DSM.OpenInEditor">
    <keyboard-shortcut first-keystroke="f4" />
  </action>
  <action id="DSM.ZoomIn">
    <keyboard-shortcut first-keystroke="ctrl add" />
    <keyboard-shortcut first-keystroke="ctrl equals" />
  </action>
  <action id="DSM.ZoomOut">
    <keyboard-shortcut first-keystroke="ctrl subtract" />
    <keyboard-shortcut first-keystroke="ctrl minus" />
  </action>
  <action id="DatabaseView.CopyAction">
    <keyboard-shortcut first-keystroke="ctrl d" />
  </action>
  <action id="DatabaseView.CopyDdlAction">
    <keyboard-shortcut first-keystroke="shift ctrl alt g" />
    <keyboard-shortcut first-keystroke="shift ctrl c" />
  </action>
  <action id="DatabaseView.CopyTable">
    <keyboard-shortcut first-keystroke="f5" />
  </action>
  <action id="DatabaseView.DataSourceCopyAction">
    <keyboard-shortcut first-keystroke="ctrl c" />
    <keyboard-shortcut first-keystroke="ctrl insert" />
  </action>
  <action id="DatabaseView.DataSourceCutAction">
    <keyboard-shortcut first-keystroke="ctrl x" />
    <keyboard-shortcut first-keystroke="shift delete" />
  </action>
  <action id="DatabaseView.DataSourcePasteAction">
    <keyboard-shortcut first-keystroke="ctrl v" />
    <keyboard-shortcut first-keystroke="shift insert" />
  </action>
  <action id="DatabaseView.Ddl.AlterObject">
    <keyboard-shortcut first-keystroke="ctrl f6" />
  </action>
  <action id="DatabaseView.DeactivateAction">
    <keyboard-shortcut first-keystroke="ctrl f2" />
  </action>
  <action id="DatabaseView.DropAction">
    <keyboard-shortcut first-keystroke="delete" />
  </action>
  <action id="DatabaseView.ForceRefresh">
    <keyboard-shortcut first-keystroke="shift ctrl f5" />
  </action>
  <action id="DatabaseView.FullTextSearch">
    <keyboard-shortcut first-keystroke="shift ctrl alt f" />
  </action>
  <action id="DatabaseView.MoveToGroup">
    <keyboard-shortcut first-keystroke="f6" />
  </action>
  <action id="DatabaseView.OpenDdlInConsole">
    <keyboard-shortcut first-keystroke="shift ctrl alt b" />
  </action>
  <action id="DatabaseView.OpenFamilyAction">
    <keyboard-shortcut first-keystroke="f4" />
  </action>
  <action id="DatabaseView.PropertiesAction">
    <keyboard-shortcut first-keystroke="shift enter" />
  </action>
  <action id="DatabaseView.Refresh">
    <keyboard-shortcut first-keystroke="ctrl f5" />
  </action>
  <action id="DatabaseView.ShowDiff">
    <keyboard-shortcut first-keystroke="ctrl d" />
  </action>
  <action id="DatabaseView.SqlGenerator">
    <keyboard-shortcut first-keystroke="ctrl alt g" />
  </action>
  <action id="DatabaseView.Tools">
    <keyboard-shortcut first-keystroke="alt enter" />
  </action>
  <action id="DatabaseView.Tools.RevertChanges">
    <keyboard-shortcut first-keystroke="ctrl alt z" />
  </action>
  <action id="DatabaseView.Tools.SubmitChanges">
    <keyboard-shortcut first-keystroke="ctrl k" />
  </action>
  <action id="Debug">
    <keyboard-shortcut first-keystroke="shift f9" />
  </action>
  <action id="Debugger.EditArrayFilter">
    <keyboard-shortcut first-keystroke="f2" />
  </action>
  <action id="Debugger.EditCustomField">
    <keyboard-shortcut first-keystroke="f2" />
  </action>
  <action id="Debugger.EditFrameSource">
    <keyboard-shortcut first-keystroke="f4" />
  </action>
  <action id="Debugger.MarkObject">
    <keyboard-shortcut first-keystroke="f11" />
  </action>
  <action id="Debugger.RemoveArrayFilter">
    <keyboard-shortcut first-keystroke="delete" />
  </action>
  <action id="Debugger.RemoveCustomField">
    <keyboard-shortcut first-keystroke="delete" />
  </action>
  <action id="DecreaseColumnWidth">
    <keyboard-shortcut first-keystroke="shift ctrl alt left" />
  </action>
  <action id="Diagram.DeleteSelection">
    <keyboard-shortcut first-keystroke="delete" />
  </action>
  <action id="Diagram.DeselectAll">
    <keyboard-shortcut first-keystroke="ctrl alt a" />
  </action>
  <action id="Diagram.SelectAll">
    <keyboard-shortcut first-keystroke="ctrl a" />
  </action>
  <action id="Diff.ShowDiff">
    <keyboard-shortcut first-keystroke="ctrl d" />
  </action>
  <action id="Docker.RemoteServers.ConnectServer">
    <keyboard-shortcut first-keystroke="ctrl enter" />
  </action>
  <action id="Docker.RemoteServers.EditServerConfig">
    <keyboard-shortcut first-keystroke="shift f4" />
  </action>
  <action id="Docker.RemoteServers.StartAllComposeApp">
    <keyboard-shortcut first-keystroke="ctrl enter" />
  </action>
  <action id="Docker.RemoteServers.StartComposeService">
    <keyboard-shortcut first-keystroke="ctrl enter" />
  </action>
  <action id="Docker.RemoteServers.StartContainer">
    <keyboard-shortcut first-keystroke="ctrl enter" />
  </action>
  <action id="Docker.RemoteServers.StopComposeApp">
    <keyboard-shortcut first-keystroke="ctrl f2" />
  </action>
  <action id="Docker.RemoteServers.StopComposeService">
    <keyboard-shortcut first-keystroke="ctrl f2" />
  </action>
  <action id="Docker.RemoteServers.StopContainer">
    <keyboard-shortcut first-keystroke="ctrl f2" />
  </action>
  <action id="Docker.RemoteServers.StopDeploy">
    <keyboard-shortcut first-keystroke="ctrl f2" />
  </action>
  <action id="DomCollectionControl.Add">
    <keyboard-shortcut first-keystroke="insert" />
  </action>
  <action id="DomCollectionControl.Edit">
    <keyboard-shortcut first-keystroke="f4" />
  </action>
  <action id="DomCollectionControl.Remove">
    <keyboard-shortcut first-keystroke="delete" />
  </action>
  <action id="DumpLookupElementWeights">
    <keyboard-shortcut first-keystroke="shift ctrl alt w" />
  </action>
  <action id="DumpMLCompletionFeatures">
    <keyboard-shortcut first-keystroke="shift ctrl alt 9" />
  </action>
  <action id="DuplicatesForm.SendToLeft">
    <keyboard-shortcut first-keystroke="ctrl 1" />
  </action>
  <action id="DuplicatesForm.SendToRight">
    <keyboard-shortcut first-keystroke="ctrl 2" />
  </action>
  <action id="EditBreakpoint">
    <keyboard-shortcut first-keystroke="shift ctrl f8" />
  </action>
  <action id="EditPropertyValue">
    <keyboard-shortcut first-keystroke="alt f6" />
  </action>
  <action id="EditSource">
    <keyboard-shortcut first-keystroke="f4" />
  </action>
  <action id="EditorContextInfo">
    <keyboard-shortcut first-keystroke="alt q" />
  </action>
  <action id="EmmetNextEditPoint">
    <keyboard-shortcut first-keystroke="shift alt close_bracket" />
  </action>
  <action id="EmmetPreviousEditPoint">
    <keyboard-shortcut first-keystroke="shift alt open_bracket" />
  </action>
  <action id="EvaluateExpression">
    <keyboard-shortcut first-keystroke="alt f8" />
  </action>
  <action id="ExportToTextFile">
    <keyboard-shortcut first-keystroke="alt o" />
  </action>
  <action id="ExpressionTypeInfo">
    <keyboard-shortcut first-keystroke="shift ctrl p" />
  </action>
  <action id="ExternalJavaDoc">
    <keyboard-shortcut first-keystroke="shift f1" />
  </action>
  <action id="ExternalSystem.CollapseAll">
    <keyboard-shortcut first-keystroke="ctrl subtract" />
    <keyboard-shortcut first-keystroke="ctrl minus" />
  </action>
  <action id="ExternalSystem.DetachProject">
    <keyboard-shortcut first-keystroke="delete" />
  </action>
  <action id="ExternalSystem.ExpandAll">
    <keyboard-shortcut first-keystroke="ctrl add" />
    <keyboard-shortcut first-keystroke="ctrl equals" />
  </action>
  <action id="ExternalSystem.ProjectRefreshAction">
    <keyboard-shortcut first-keystroke="shift ctrl o" />
  </action>
  <action id="ExtractFunction">
    <keyboard-shortcut first-keystroke="ctrl alt m" />
  </action>
  <action id="ExtractFunctionToScope">
    <keyboard-shortcut first-keystroke="shift ctrl alt m" />
  </action>
  <action id="ExtractMethod">
    <keyboard-shortcut first-keystroke="ctrl alt m" />
  </action>
  <action id="FileChooser.Delete">
    <keyboard-shortcut first-keystroke="delete" />
  </action>
  <action id="FileChooser.GoBackward">
    <keyboard-shortcut first-keystroke="ctrl alt left" />
  </action>
  <action id="FileChooser.GoToParent">
    <keyboard-shortcut first-keystroke="back_space" />
  </action>
  <action id="FileChooser.GoToRoot">
    <keyboard-shortcut first-keystroke="ctrl slash" />
  </action>
  <action id="FileChooser.GotoDesktop">
    <keyboard-shortcut first-keystroke="ctrl d" />
  </action>
  <action id="FileChooser.GotoHome">
    <keyboard-shortcut first-keystroke="ctrl 1" />
  </action>
  <action id="FileChooser.GotoModule">
    <keyboard-shortcut first-keystroke="ctrl 3" />
  </action>
  <action id="FileChooser.GotoProject">
    <keyboard-shortcut first-keystroke="ctrl 2" />
  </action>
  <action id="FileChooser.NewFolder">
    <keyboard-shortcut first-keystroke="alt insert" />
    <keyboard-shortcut first-keystroke="ctrl n" />
  </action>
  <action id="FileChooser.TogglePathBar">
    <keyboard-shortcut first-keystroke="ctrl p" />
  </action>
  <action id="FileStructurePopup">
    <keyboard-shortcut first-keystroke="ctrl f12" />
  </action>
  <action id="FindInPath">
    <keyboard-shortcut first-keystroke="shift ctrl f" />
  </action>
  <action id="FindUsages">
    <keyboard-shortcut first-keystroke="alt f7" />
  </action>
  <action id="FindUsagesInFile">
    <keyboard-shortcut first-keystroke="ctrl f7" />
  </action>
  <action id="ForceRunToCursor">
    <keyboard-shortcut first-keystroke="ctrl alt 9" />
  </action>
  <action id="ForceStepInto">
    <keyboard-shortcut first-keystroke="shift alt f7" />
  </action>
  <action id="ForceStepOver">
    <keyboard-shortcut first-keystroke="shift alt f8" />
  </action>
  <action id="Forward">
    <keyboard-shortcut first-keystroke="ctrl alt right" />
  </action>
  <action id="Generate">
    <keyboard-shortcut first-keystroke="alt insert" />
  </action>
  <action id="Generate.Missing.Members.ES6">
    <keyboard-shortcut first-keystroke="ctrl i" />
  </action>
  <action id="Generate.Missing.Members.TypeScript">
    <keyboard-shortcut first-keystroke="ctrl i" />
  </action>
  <action id="Git.Add">
    <keyboard-shortcut first-keystroke="ctrl alt a" />
  </action>
  <action id="Git.Branches">
    <keyboard-shortcut first-keystroke="shift ctrl back_quote" />
  </action>
  <action id="Git.Commit.And.Push.Executor">
    <keyboard-shortcut first-keystroke="ctrl alt k" />
  </action>
  <action id="Git.Commit.Stage">
    <keyboard-shortcut first-keystroke="ctrl k" />
  </action>
  <action id="Git.Log.Branches.Navigate.Log.To.Selected.Branch">
    <keyboard-shortcut first-keystroke="alt f1" />
  </action>
  <action id="Git.New.Branch.In.Log">
    <keyboard-shortcut first-keystroke="ctrl alt n" />
  </action>
  <action id="Git.Rename.Local.Branch">
    <keyboard-shortcut first-keystroke="f2" />
    <keyboard-shortcut first-keystroke="shift f6" />
  </action>
  <action id="Git.Reword.Commit">
    <keyboard-shortcut first-keystroke="f2" />
    <keyboard-shortcut first-keystroke="shift f6" />
  </action>
  <action id="Git.ShowBranches">
    <keyboard-shortcut first-keystroke="shift ctrl back_quote" />
  </action>
  <action id="Git.Stage.Add">
    <keyboard-shortcut first-keystroke="ctrl alt a" />
  </action>
  <action id="Git.Stage.Reset">
    <keyboard-shortcut first-keystroke="ctrl alt z" />
  </action>
  <action id="Git.Stage.Revert">
    <keyboard-shortcut first-keystroke="ctrl alt z" />
  </action>
  <action id="Git.Stash.Drop">
    <keyboard-shortcut first-keystroke="delete" />
  </action>
  <action id="GitLab.Merge.Request.List.Refresh">
    <keyboard-shortcut first-keystroke="ctrl f5" />
  </action>
  <action id="GitLab.Merge.Request.Refresh">
    <keyboard-shortcut first-keystroke="ctrl f5" />
  </action>
  <action id="GitNewBranchAction">
    <keyboard-shortcut first-keystroke="ctrl alt n" />
  </action>
  <action id="Github.PullRequest.Details.Reload">
    <keyboard-shortcut first-keystroke="ctrl f5" />
  </action>
  <action id="Github.PullRequest.Diff.Comment.Create">
    <keyboard-shortcut first-keystroke="shift ctrl x" />
  </action>
  <action id="Github.PullRequest.List.Reload">
    <keyboard-shortcut first-keystroke="ctrl f5" />
  </action>
  <action id="Github.PullRequest.Timeline.Update">
    <keyboard-shortcut first-keystroke="ctrl f5" />
  </action>
  <action id="GoCallHierarchyPopupMenu.BaseOnThisDeclaration">
    <keyboard-shortcut first-keystroke="ctrl alt h" />
  </action>
  <action id="GoFmtFileAction">
    <keyboard-shortcut first-keystroke="shift ctrl alt f" />
  </action>
  <action id="GoFmtProjectAction">
    <keyboard-shortcut first-keystroke="shift ctrl alt p" />
  </action>
  <action id="GoGenerateFileAction">
    <keyboard-shortcut first-keystroke="ctrl alt g" />
  </action>
  <action id="GoOpenSettings">
    <keyboard-shortcut first-keystroke="f4" />
  </action>
  <action id="GoShareInPlaygroundAction">
    <keyboard-shortcut first-keystroke="shift ctrl alt s" />
  </action>
  <action id="GotoBookmark0">
    <keyboard-shortcut first-keystroke="ctrl 0" />
  </action>
  <action id="GotoBookmark1">
    <keyboard-shortcut first-keystroke="ctrl 1" />
  </action>
  <action id="GotoBookmark2">
    <keyboard-shortcut first-keystroke="ctrl 2" />
  </action>
  <action id="GotoBookmark3">
    <keyboard-shortcut first-keystroke="ctrl 3" />
  </action>
  <action id="GotoBookmark4">
    <keyboard-shortcut first-keystroke="ctrl 4" />
  </action>
  <action id="GotoBookmark5">
    <keyboard-shortcut first-keystroke="ctrl 5" />
  </action>
  <action id="GotoBookmark6">
    <keyboard-shortcut first-keystroke="ctrl 6" />
  </action>
  <action id="GotoBookmark7">
    <keyboard-shortcut first-keystroke="ctrl 7" />
  </action>
  <action id="GotoBookmark8">
    <keyboard-shortcut first-keystroke="ctrl 8" />
  </action>
  <action id="GotoBookmark9">
    <keyboard-shortcut first-keystroke="ctrl 9" />
  </action>
  <action id="GotoCustomRegion">
    <keyboard-shortcut first-keystroke="ctrl alt period" />
  </action>
  <action id="GotoDeclaration">
    <keyboard-shortcut first-keystroke="ctrl b" />
  </action>
  <action id="GotoImplementation">
    <keyboard-shortcut first-keystroke="ctrl alt b" />
  </action>
  <action id="GotoNextError">
    <keyboard-shortcut first-keystroke="f2" />
  </action>
  <action id="GotoPreviousError">
    <keyboard-shortcut first-keystroke="shift f2" />
  </action>
  <action id="GotoRelated">
    <keyboard-shortcut first-keystroke="ctrl alt home" />
  </action>
  <action id="GotoRow">
    <keyboard-shortcut first-keystroke="ctrl g" />
  </action>
  <action id="GotoSuperMethod">
    <keyboard-shortcut first-keystroke="ctrl u" />
  </action>
  <action id="GotoTest">
    <keyboard-shortcut first-keystroke="shift ctrl t" />
  </action>
  <action id="GotoTypeDeclaration">
    <keyboard-shortcut first-keystroke="shift ctrl b" />
  </action>
  <action id="Graph.ApplyCurrentLayout">
    <keyboard-shortcut first-keystroke="shift f5" />
  </action>
  <action id="Graph.Delete">
    <keyboard-shortcut first-keystroke="delete" />
  </action>
  <action id="Graph.RouteEdges">
    <keyboard-shortcut first-keystroke="f5" />
  </action>
  <action id="Graph.ZoomIn">
    <keyboard-shortcut first-keystroke="add" />
  </action>
  <action id="Graph.ZoomOut">
    <keyboard-shortcut first-keystroke="subtract" />
  </action>
  <action id="GuiDesigner.CreateComponent">
    <keyboard-shortcut first-keystroke="alt insert" />
  </action>
  <action id="GuiDesigner.DecreaseIndent">
    <keyboard-shortcut first-keystroke="shift tab" />
  </action>
  <action id="GuiDesigner.DeleteComponent">
    <keyboard-shortcut first-keystroke="delete" />
  </action>
  <action id="GuiDesigner.DeleteGroup">
    <keyboard-shortcut first-keystroke="delete" />
  </action>
  <action id="GuiDesigner.Duplicate">
    <keyboard-shortcut first-keystroke="ctrl d" />
  </action>
  <action id="GuiDesigner.EditComponent">
    <keyboard-shortcut first-keystroke="f2" />
  </action>
  <action id="GuiDesigner.EditGroup">
    <keyboard-shortcut first-keystroke="f2" />
  </action>
  <action id="GuiDesigner.ExpandSelection">
    <keyboard-shortcut first-keystroke="ctrl w" />
  </action>
  <action id="GuiDesigner.GoToListener">
    <keyboard-shortcut first-keystroke="ctrl alt b" />
  </action>
  <action id="GuiDesigner.QuickJavadoc">
    <keyboard-shortcut first-keystroke="ctrl q" />
  </action>
  <action id="GuiDesigner.ShrinkSelection">
    <keyboard-shortcut first-keystroke="shift ctrl w" />
  </action>
  <action id="GuiDesigner.SurroundPopup">
    <keyboard-shortcut first-keystroke="shift ctrl alt b" />
    <keyboard-shortcut first-keystroke="ctrl alt t" />
  </action>
  <action id="HTTPClient.PreviewHtml.NavigateBack">
    <keyboard-shortcut first-keystroke="left" />
  </action>
  <action id="HTTPClient.PreviewHtml.NavigateForward">
    <keyboard-shortcut first-keystroke="right" />
  </action>
  <action id="Haskell.GotoInstanceDeclaration">
    <keyboard-shortcut first-keystroke="ctrl alt i" />
  </action>
  <action id="Haskell.Hoogle.It">
    <keyboard-shortcut first-keystroke="shift ctrl h" />
  </action>
  <action id="Haskell.Hoogle.Navigation">
    <keyboard-shortcut first-keystroke="shift alt h" />
  </action>
  <action id="Haskell.ReformatCode">
    <keyboard-shortcut first-keystroke="ctrl alt semicolon" />
  </action>
  <action id="Haskell.ShowErrorDescription">
    <keyboard-shortcut first-keystroke="ctrl f10" />
  </action>
  <action id="Haskell.ShowInfo">
    <keyboard-shortcut first-keystroke="shift alt equals" />
  </action>
  <action id="Haskell.ShowType">
    <keyboard-shortcut first-keystroke="alt equals" />
  </action>
  <action id="Haskell.ShowTypeSticky">
    <keyboard-shortcut first-keystroke="ctrl alt g" />
  </action>
  <action id="Haskell.StylishHaskellFormat">
    <keyboard-shortcut first-keystroke="ctrl alt u" />
  </action>
  <action id="Hg.Commit.And.Push.Executor">
    <keyboard-shortcut first-keystroke="ctrl alt k" />
  </action>
  <action id="HighlightUsagesInFile">
    <keyboard-shortcut first-keystroke="shift ctrl f7" />
  </action>
  <action id="HippieBackwardCompletion">
    <keyboard-shortcut first-keystroke="shift alt slash" />
  </action>
  <action id="HippieCompletion">
    <keyboard-shortcut first-keystroke="alt slash" />
  </action>
  <action id="Images.EditExternally">
    <keyboard-shortcut first-keystroke="ctrl alt 4" />
  </action>
  <action id="Images.Editor.ToggleGrid">
    <keyboard-shortcut first-keystroke="ctrl quote" />
  </action>
  <action id="Images.Editor.ZoomIn">
    <keyboard-shortcut first-keystroke="ctrl add" />
    <keyboard-shortcut first-keystroke="ctrl equals" />
  </action>
  <action id="Images.Editor.ZoomOut">
    <keyboard-shortcut first-keystroke="ctrl subtract" />
    <keyboard-shortcut first-keystroke="ctrl minus" />
  </action>
  <action id="Images.Thumbnails.Hide">
    <keyboard-shortcut first-keystroke="ctrl f4" />
  </action>
  <action id="Images.Thumbnails.ToggleRecursive">
    <keyboard-shortcut first-keystroke="alt multiply" />
  </action>
  <action id="Images.Thumbnails.UpFolder">
    <keyboard-shortcut first-keystroke="back_space" />
  </action>
  <action id="ImplementMethods">
    <keyboard-shortcut first-keystroke="ctrl i" />
  </action>
  <action id="IncreaseColumnWidth">
    <keyboard-shortcut first-keystroke="shift ctrl alt right" />
  </action>
  <action id="Inline">
    <keyboard-shortcut first-keystroke="ctrl alt n" />
  </action>
  <action id="InsertLiveTemplate" />
  <action id="IntroduceConstant">
    <keyboard-shortcut first-keystroke="ctrl alt c" />
  </action>
  <action id="IntroduceField">
    <keyboard-shortcut first-keystroke="ctrl alt f" />
  </action>
  <action id="IntroduceFunctionalParameter">
    <keyboard-shortcut first-keystroke="shift ctrl alt p" />
  </action>
  <action id="IntroduceParameter">
    <keyboard-shortcut first-keystroke="ctrl alt p" />
  </action>
  <action id="IntroduceProperty">
    <keyboard-shortcut first-keystroke="ctrl alt f" />
  </action>
  <action id="IntroduceTypeAlias">
    <keyboard-shortcut first-keystroke="shift ctrl alt a" />
  </action>
  <action id="IntroduceVariable">
    <keyboard-shortcut first-keystroke="ctrl alt v" />
  </action>
  <action id="JavaScript.ShowComponentUsages">
    <keyboard-shortcut first-keystroke="shift ctrl d" />
  </action>
  <action id="Jdbc.OpenConsole.Any">
    <keyboard-shortcut first-keystroke="shift ctrl f10" />
  </action>
  <action id="Jdbc.OpenConsole.New">
    <keyboard-shortcut first-keystroke="shift ctrl q" />
  </action>
  <action id="Jdbc.OpenConsole.New.Generate">
    <keyboard-shortcut first-keystroke="shift ctrl q" />
  </action>
  <action id="Jdbc.OpenEditor.Console">
    <keyboard-shortcut first-keystroke="f4" />
  </action>
  <action id="Jdbc.OpenEditor.DDL">
    <keyboard-shortcut first-keystroke="ctrl b" />
  </action>
  <action id="Jdbc.OpenEditor.Data">
    <keyboard-shortcut first-keystroke="f4" />
  </action>
  <action id="Jdbc.OpenEditor.Grid.DDL">
    <keyboard-shortcut first-keystroke="ctrl alt home" />
  </action>
  <action id="Jpa.OpenConsole">
    <keyboard-shortcut first-keystroke="shift ctrl f10" />
  </action>
  <action id="JsonPathExportEvaluateResultAction">
    <keyboard-shortcut first-keystroke="alt o" />
  </action>
  <action id="JumpToLastChange">
    <keyboard-shortcut first-keystroke="shift ctrl back_space" />
  </action>
  <action id="Kotlin.RunScratch">
    <keyboard-shortcut first-keystroke="ctrl alt w" />
  </action>
  <action id="Kubernetes.RefreshModel">
    <keyboard-shortcut first-keystroke="ctrl f5" />
  </action>
  <action id="MaintenanceAction">
    <keyboard-shortcut first-keystroke="shift ctrl alt slash" />
  </action>
  <action id="Markdown.Insert">
    <keyboard-shortcut first-keystroke="alt insert" />
  </action>
  <action id="Markdown.Styling.CreateLink">
    <keyboard-shortcut first-keystroke="shift ctrl u" />
  </action>
  <action id="Maven.CollapseAll">
    <keyboard-shortcut first-keystroke="ctrl subtract" />
    <keyboard-shortcut first-keystroke="ctrl minus" />
  </action>
  <action id="Maven.ExpandAll">
    <keyboard-shortcut first-keystroke="ctrl add" />
    <keyboard-shortcut first-keystroke="ctrl equals" />
  </action>
  <action id="Maven.Uml.Exclude">
    <keyboard-shortcut first-keystroke="shift delete" />
  </action>
  <action id="MethodDown">
    <keyboard-shortcut first-keystroke="alt down" />
  </action>
  <action id="MethodHierarchy">
    <keyboard-shortcut first-keystroke="shift ctrl h" />
  </action>
  <action id="MethodHierarchy.ImplementMethodAction">
    <keyboard-shortcut first-keystroke="ctrl i" />
  </action>
  <action id="MethodHierarchy.OverrideMethodAction">
    <keyboard-shortcut first-keystroke="ctrl o" />
  </action>
  <action id="MethodOverloadSwitchDown">
    <keyboard-shortcut first-keystroke="ctrl down" />
  </action>
  <action id="MethodOverloadSwitchUp">
    <keyboard-shortcut first-keystroke="ctrl up" />
  </action>
  <action id="MethodUp">
    <keyboard-shortcut first-keystroke="alt up" />
  </action>
  <action id="ModifyObject">
    <keyboard-shortcut first-keystroke="ctrl f6" />
  </action>
  <action id="Move">
    <keyboard-shortcut first-keystroke="f6" />
  </action>
  <action id="NewElement">
    <keyboard-shortcut first-keystroke="alt insert" />
  </action>
  <action id="NewElementSamePlace">
    <keyboard-shortcut first-keystroke="ctrl alt insert" />
  </action>
  <action id="NewScratchFile">
    <keyboard-shortcut first-keystroke="shift ctrl alt insert" />
  </action>
  <action id="NextOccurence">
    <keyboard-shortcut first-keystroke="ctrl alt down" />
  </action>
  <action id="OasEndpointsSidePanelSaveAction">
    <keyboard-shortcut first-keystroke="alt o" />
  </action>
  <action id="OpenModuleSettings">
    <keyboard-shortcut first-keystroke="f4" />
  </action>
  <action id="OptimizeImports">
    <keyboard-shortcut first-keystroke="ctrl alt o" />
  </action>
  <action id="OverrideMethods">
    <keyboard-shortcut first-keystroke="ctrl o" />
  </action>
  <action id="PCFindUsagesAction">
    <keyboard-shortcut first-keystroke="alt f7" />
  </action>
  <action id="PCNavigateToSource">
    <keyboard-shortcut first-keystroke="f4" />
  </action>
  <action id="PackageFile">
    <keyboard-shortcut first-keystroke="shift ctrl f9" />
  </action>
  <action id="ParameterInfo">
    <keyboard-shortcut first-keystroke="ctrl p" />
  </action>
  <action id="PasteMultiple">
    <keyboard-shortcut first-keystroke="shift ctrl v" />
    <keyboard-shortcut first-keystroke="shift ctrl insert" />
  </action>
  <action id="PerforceDirect.Edit">
    <keyboard-shortcut first-keystroke="ctrl alt e" />
  </action>
  <action id="Play2.TypeInfo">
    <keyboard-shortcut first-keystroke="alt equals" />
  </action>
  <action id="PopupHector">
    <keyboard-shortcut first-keystroke="shift ctrl alt h" />
  </action>
  <action id="PreviousOccurence">
    <keyboard-shortcut first-keystroke="ctrl alt up" />
  </action>
  <action id="ProblemsView.CopyProblemDescription">
    <keyboard-shortcut first-keystroke="ctrl c" />
    <keyboard-shortcut first-keystroke="ctrl insert" />
  </action>
  <action id="ProblemsView.QuickFixes">
    <keyboard-shortcut first-keystroke="alt enter" />
  </action>
  <action id="PublishGroup.UploadTo">
    <keyboard-shortcut first-keystroke="shift ctrl alt x" />
  </action>
  <action id="QuickActionPopup">
    <keyboard-shortcut first-keystroke="ctrl alt enter" />
  </action>
  <action id="QuickEvaluateExpression">
    <keyboard-shortcut first-keystroke="ctrl alt 8" />
  </action>
  <action id="QuickImplementations">
    <keyboard-shortcut first-keystroke="shift ctrl i" />
  </action>
  <action id="RecentChanges">
    <keyboard-shortcut first-keystroke="shift alt c" />
  </action>
  <action id="Refactorings.QuickListPopupAction">
    <keyboard-shortcut first-keystroke="shift ctrl alt t" />
  </action>
  <action id="ReformatCode">
    <keyboard-shortcut first-keystroke="ctrl alt l" />
  </action>
  <action id="ReformatWithPrettierAction">
    <keyboard-shortcut first-keystroke="shift ctrl alt p" />
  </action>
  <action id="Refresh">
    <keyboard-shortcut first-keystroke="ctrl f5" />
  </action>
  <action id="RemoteHostView.CopyPaths">
    <keyboard-shortcut first-keystroke="shift ctrl c" />
  </action>
  <action id="RemoteHostView.EditSource">
    <keyboard-shortcut first-keystroke="f4" />
  </action>
  <action id="RemoteHostView.Rename">
    <keyboard-shortcut first-keystroke="shift f6" />
  </action>
  <action id="RemoteServers.EditServerConfig">
    <keyboard-shortcut first-keystroke="shift f4" />
  </action>
  <action id="RenameElement">
    <keyboard-shortcut first-keystroke="shift f6" />
  </action>
  <action id="ReplaceInPath">
    <keyboard-shortcut first-keystroke="shift ctrl r" />
  </action>
  <action id="Rerun">
    <keyboard-shortcut first-keystroke="ctrl f5" />
  </action>
  <action id="RerunTests">
    <keyboard-shortcut first-keystroke="shift alt r" />
  </action>
  <action id="ResetColumnsWidth">
    <keyboard-shortcut first-keystroke="shift ctrl alt up" />
  </action>
  <action id="ResetIdeScaleAction" />
  <action id="Resume">
    <keyboard-shortcut first-keystroke="f9" />
  </action>
  <action id="Run">
    <keyboard-shortcut first-keystroke="shift f10" />
  </action>
  <action id="RunClass">
    <keyboard-shortcut first-keystroke="shift ctrl f10" />
  </action>
  <action id="RunDashboard.CopyConfiguration">
    <keyboard-shortcut first-keystroke="ctrl d" />
  </action>
  <action id="RunDashboard.EditConfiguration">
    <keyboard-shortcut first-keystroke="shift f4" />
  </action>
  <action id="RunDashboard.Run">
    <keyboard-shortcut first-keystroke="shift ctrl f10" />
  </action>
  <action id="RunDashboard.UngroupConfigurations">
    <keyboard-shortcut first-keystroke="delete" />
  </action>
  <action id="RunInspection">
    <keyboard-shortcut first-keystroke="shift ctrl alt i" />
  </action>
  <action id="RunJsbtTask">
    <keyboard-shortcut first-keystroke="alt f11" />
  </action>
  <action id="RunToCursor">
    <keyboard-shortcut first-keystroke="shift alt 9" />
  </action>
  <action id="Rust.Build">
    <keyboard-shortcut first-keystroke="ctrl f9" />
  </action>
  <action id="SafeDelete">
    <keyboard-shortcut first-keystroke="alt delete" />
  </action>
  <action id="SaveAll">
    <keyboard-shortcut first-keystroke="ctrl s" />
  </action>
  <action id="Scala.CreateLightWorksheetAction">
    <keyboard-shortcut first-keystroke="shift ctrl alt x" />
  </action>
  <action id="Scala.Desugar">
    <keyboard-shortcut first-keystroke="ctrl alt d" />
  </action>
  <action id="Scala.MakeExplicit">
    <keyboard-shortcut first-keystroke="alt enter" />
  </action>
  <action id="Scala.RenameJavaToScala">
    <keyboard-shortcut first-keystroke="shift ctrl g" />
  </action>
  <action id="Scala.RunConsole">
    <keyboard-shortcut first-keystroke="shift ctrl d" />
  </action>
  <action id="Scala.RunWorksheet">
    <keyboard-shortcut first-keystroke="ctrl alt w" />
  </action>
  <action id="Scala.SendSelectionToConsole">
    <keyboard-shortcut first-keystroke="shift ctrl x" />
  </action>
  <action id="Scala.ShowImplicitArguments">
    <keyboard-shortcut first-keystroke="shift ctrl p" />
  </action>
  <action id="Scala.ShowImplicitConversions">
    <keyboard-shortcut first-keystroke="shift ctrl q" />
  </action>
  <action id="Scala.ShowImplicits">
    <keyboard-shortcut first-keystroke="shift ctrl alt equals" />
    <keyboard-shortcut first-keystroke="shift ctrl alt add" />
  </action>
  <action id="Scala.TypeInfo">
    <keyboard-shortcut first-keystroke="alt equals" />
  </action>
  <action id="Scala.XRayMode">
    <keyboard-shortcut first-keystroke="shift ctrl alt x" />
  </action>
  <action id="ScalaConsole.Clean">
    <keyboard-shortcut first-keystroke="ctrl l" />
  </action>
  <action id="ScalaConsole.Execute">
    <keyboard-shortcut first-keystroke="ctrl enter" />
  </action>
  <action id="ScalaConsole.NewLine">
    <keyboard-shortcut first-keystroke="shift ctrl enter" />
  </action>
  <action id="ScrollTreeToCenter">
    <keyboard-shortcut first-keystroke="ctrl m" />
  </action>
  <action id="SendEOF">
    <keyboard-shortcut first-keystroke="ctrl d" />
  </action>
  <action id="ServiceView.AddService">
    <keyboard-shortcut first-keystroke="alt insert" />
  </action>
  <action id="ServiceView.GroupByContributor">
    <keyboard-shortcut first-keystroke="ctrl alt t" />
  </action>
  <action id="ServiceView.JumpToServices">
    <keyboard-shortcut first-keystroke="alt home" />
  </action>
  <action id="ServiceView.ShowServices">
    <keyboard-shortcut first-keystroke="shift ctrl t" />
  </action>
  <action id="Session.Rename">
    <keyboard-shortcut first-keystroke="shift f6" />
  </action>
  <action id="SetShortcutAction">
    <keyboard-shortcut first-keystroke="alt enter" />
  </action>
  <action id="ShelveChanges.UnshelveWithDialog">
    <keyboard-shortcut first-keystroke="shift ctrl u" />
  </action>
  <action id="ShelvedChanges.Rename">
    <keyboard-shortcut first-keystroke="f2" />
    <keyboard-shortcut first-keystroke="shift f6" />
  </action>
  <action id="ShowBookmarks">
    <keyboard-shortcut first-keystroke="shift f11" />
  </action>
  <action id="ShowErrorDescription">
    <keyboard-shortcut first-keystroke="ctrl f1" />
  </action>
  <action id="ShowExecutionPoint">
    <keyboard-shortcut first-keystroke="alt f10" />
  </action>
  <action id="ShowFilterPopup">
    <keyboard-shortcut first-keystroke="ctrl alt f" />
  </action>
  <action id="ShowProjectStructureSettings">
    <keyboard-shortcut first-keystroke="shift ctrl alt s" />
  </action>
  <action id="ShowRecentTests">
    <keyboard-shortcut first-keystroke="shift ctrl semicolon" />
  </action>
  <action id="ShowReformatFileDialog">
    <keyboard-shortcut first-keystroke="shift ctrl alt l" />
  </action>
  <action id="ShowSettingsAndFindUsages">
    <keyboard-shortcut first-keystroke="shift ctrl alt 7" />
  </action>
  <action id="ShowTypeBookmarks">
    <keyboard-shortcut first-keystroke="shift ctrl f11" />
  </action>
  <action id="ShowUmlDiagram">
    <keyboard-shortcut first-keystroke="shift ctrl alt u" />
  </action>
  <action id="ShowUmlDiagramPopup">
    <keyboard-shortcut first-keystroke="ctrl alt u" />
  </action>
  <action id="ShowUsages">
    <keyboard-shortcut first-keystroke="ctrl alt 7" />
  </action>
  <action id="SmartStepInto">
    <keyboard-shortcut first-keystroke="shift f7" />
  </action>
  <action id="SmartTypeCompletion">
    <keyboard-shortcut first-keystroke="shift ctrl space" />
  </action>
  <action id="Sql.EditParameter">
    <keyboard-shortcut first-keystroke="f4" />
  </action>
  <action id="StepInto">
    <keyboard-shortcut first-keystroke="f7" />
  </action>
  <action id="StepOut">
    <keyboard-shortcut first-keystroke="shift f8" />
  </action>
  <action id="StepOver">
    <keyboard-shortcut first-keystroke="f8" />
  </action>
  <action id="Stop">
    <keyboard-shortcut first-keystroke="ctrl f2" />
  </action>
  <action id="SurroundWith">
    <keyboard-shortcut first-keystroke="shift ctrl alt b" />
    <keyboard-shortcut first-keystroke="ctrl alt t" />
  </action>
  <action id="SurroundWithLiveTemplate">
    <keyboard-shortcut first-keystroke="ctrl alt j" />
  </action>
  <action id="Svn.RefreshWorkingCopies">
    <keyboard-shortcut first-keystroke="ctrl f5" />
  </action>
  <action id="SwitcherIterateItems">
    <keyboard-shortcut first-keystroke="ctrl e" />
  </action>
  <action id="SwitcherNextProblem">
    <keyboard-shortcut first-keystroke="f2" />
  </action>
  <action id="Synchronize">
    <keyboard-shortcut first-keystroke="ctrl alt y" />
  </action>
  <action id="TableResult.GrowSelection">
    <keyboard-shortcut first-keystroke="ctrl w" />
  </action>
  <action id="TableResult.SelectAllOccurrences">
    <keyboard-shortcut first-keystroke="shift ctrl alt j" />
  </action>
  <action id="TableResult.SelectColumn">
    <keyboard-shortcut first-keystroke="ctrl w" />
  </action>
  <action id="TableResult.SelectNextOccurrence">
    <keyboard-shortcut first-keystroke="alt j" />
  </action>
  <action id="TableResult.ShrinkSelection">
    <keyboard-shortcut first-keystroke="shift ctrl w" />
  </action>
  <action id="TableResult.UnselectPreviousOccurrence">
    <keyboard-shortcut first-keystroke="shift alt j" />
  </action>
  <action id="Terminal.ExpandBlockSelectionAbove">
    <keyboard-shortcut first-keystroke="shift up" />
  </action>
  <action id="Terminal.ExpandBlockSelectionBelow">
    <keyboard-shortcut first-keystroke="shift down" />
  </action>
  <action id="Terminal.SelectBlockAbove">
    <keyboard-shortcut first-keystroke="up" />
    <keyboard-shortcut first-keystroke="ctrl up" />
  </action>
  <action id="Terminal.SelectBlockBelow">
    <keyboard-shortcut first-keystroke="down" />
  </action>
  <action id="Terminal.SelectLastBlock">
    <keyboard-shortcut first-keystroke="ctrl up" />
  </action>
  <action id="Terminal.SelectPrompt">
    <keyboard-shortcut first-keystroke="ctrl down" />
  </action>
  <action id="Terminal.ShowDocumentation">
    <keyboard-shortcut first-keystroke="ctrl q" />
  </action>
  <action id="TodoViewGroupByFlattenPackage">
    <keyboard-shortcut first-keystroke="ctrl alt c" />
  </action>
  <action id="TodoViewGroupByShowModules">
    <keyboard-shortcut first-keystroke="ctrl alt m" />
  </action>
  <action id="TodoViewGroupByShowPackages">
    <keyboard-shortcut first-keystroke="ctrl alt p" />
  </action>
  <action id="ToggleBookmark">
    <keyboard-shortcut first-keystroke="f11" />
  </action>
  <action id="ToggleBookmark0">
    <keyboard-shortcut first-keystroke="shift ctrl 0" />
  </action>
  <action id="ToggleBookmark1">
    <keyboard-shortcut first-keystroke="shift ctrl 1" />
  </action>
  <action id="ToggleBookmark2">
    <keyboard-shortcut first-keystroke="shift ctrl 2" />
  </action>
  <action id="ToggleBookmark3">
    <keyboard-shortcut first-keystroke="shift ctrl 3" />
  </action>
  <action id="ToggleBookmark4">
    <keyboard-shortcut first-keystroke="shift ctrl 4" />
  </action>
  <action id="ToggleBookmark5">
    <keyboard-shortcut first-keystroke="shift ctrl 5" />
  </action>
  <action id="ToggleBookmark6">
    <keyboard-shortcut first-keystroke="shift ctrl 6" />
  </action>
  <action id="ToggleBookmark7">
    <keyboard-shortcut first-keystroke="shift ctrl 7" />
  </action>
  <action id="ToggleBookmark8">
    <keyboard-shortcut first-keystroke="shift ctrl 8" />
  </action>
  <action id="ToggleBookmark9">
    <keyboard-shortcut first-keystroke="shift ctrl 9" />
  </action>
  <action id="ToggleBookmarkWithMnemonic">
    <keyboard-shortcut first-keystroke="ctrl f11" />
  </action>
  <action id="ToggleLineBreakpoint">
    <keyboard-shortcut first-keystroke="ctrl f8" />
  </action>
  <action id="TypeHierarchy">
    <keyboard-shortcut first-keystroke="ctrl h" />
  </action>
  <action id="UML.Find">
    <keyboard-shortcut first-keystroke="ctrl f" />
    <keyboard-shortcut first-keystroke="alt f3" />
  </action>
  <action id="UML.ShowChanges">
    <keyboard-shortcut first-keystroke="shift ctrl alt d" />
  </action>
  <action id="UML.ShowStructure">
    <keyboard-shortcut first-keystroke="ctrl f12" />
  </action>
  <action id="Uml.NewElement">
    <keyboard-shortcut first-keystroke="alt insert" />
  </action>
  <action id="Uml.NodeIntentions">
    <keyboard-shortcut first-keystroke="alt enter" />
  </action>
  <action id="Uml.ShowDiff">
    <keyboard-shortcut first-keystroke="shift ctrl d" />
  </action>
  <action id="Unwrap">
    <keyboard-shortcut first-keystroke="shift ctrl delete" />
  </action>
  <action id="UpdateRunningApplication">
    <keyboard-shortcut first-keystroke="ctrl f10" />
  </action>
  <action id="UsageGrouping.Directory">
    <keyboard-shortcut first-keystroke="ctrl alt p" />
  </action>
  <action id="UsageGrouping.DirectoryStructure">
    <keyboard-shortcut first-keystroke="ctrl alt d" />
  </action>
  <action id="UsageGrouping.FileStructure">
    <keyboard-shortcut first-keystroke="ctrl alt f" />
  </action>
  <action id="UsageGrouping.FlattenModules">
    <keyboard-shortcut first-keystroke="ctrl alt o" />
  </action>
  <action id="UsageGrouping.Module">
    <keyboard-shortcut first-keystroke="ctrl alt m" />
  </action>
  <action id="UsageGrouping.Package">
    <keyboard-shortcut first-keystroke="ctrl alt p" />
  </action>
  <action id="UsageGrouping.UsageType">
    <keyboard-shortcut first-keystroke="ctrl alt t" />
  </action>
  <action id="UsageView.Exclude">
    <keyboard-shortcut first-keystroke="delete" />
  </action>
  <action id="UsageView.Include">
    <keyboard-shortcut first-keystroke="insert" />
  </action>
  <action id="UsageView.Remove">
    <keyboard-shortcut first-keystroke="ctrl x" />
    <keyboard-shortcut first-keystroke="shift delete" />
  </action>
  <action id="Vcs.CombinedDiff.CaretToNextBlock">
    <keyboard-shortcut first-keystroke="down" />
    <keyboard-shortcut first-keystroke="right" />
    <keyboard-shortcut first-keystroke="page_down" />
  </action>
  <action id="Vcs.CombinedDiff.CaretToPrevBlock">
    <keyboard-shortcut first-keystroke="up" />
    <keyboard-shortcut first-keystroke="left" />
    <keyboard-shortcut first-keystroke="page_up" />
  </action>
  <action id="Vcs.CombinedDiff.ToggleCollapseBlock">
    <keyboard-shortcut first-keystroke="ctrl escape" />
  </action>
  <action id="Vcs.CopyRevisionNumberAction">
    <keyboard-shortcut first-keystroke="shift ctrl alt c" />
  </action>
  <action id="Vcs.EditSource">
    <keyboard-shortcut first-keystroke="f4" />
  </action>
  <action id="Vcs.Log.FocusTextFilter">
    <keyboard-shortcut first-keystroke="ctrl l" />
  </action>
  <action id="Vcs.Log.GoToChild">
    <keyboard-shortcut first-keystroke="left" />
  </action>
  <action id="Vcs.Log.GoToParent">
    <keyboard-shortcut first-keystroke="right" />
  </action>
  <action id="Vcs.Log.GoToRef">
    <keyboard-shortcut first-keystroke="ctrl f" />
    <keyboard-shortcut first-keystroke="alt f3" />
  </action>
  <action id="Vcs.Log.Refresh">
    <keyboard-shortcut first-keystroke="ctrl f5" />
  </action>
  <action id="Vcs.Log.ShowAllAffected">
    <keyboard-shortcut first-keystroke="shift alt a" />
  </action>
  <action id="Vcs.Log.ShowTooltip">
    <keyboard-shortcut first-keystroke="ctrl q" />
  </action>
  <action id="Vcs.MoveChangedLinesToChangelist">
    <keyboard-shortcut first-keystroke="shift alt m" />
  </action>
  <action id="Vcs.Push">
    <keyboard-shortcut first-keystroke="shift ctrl k" />
  </action>
  <action id="Vcs.QuickListPopupAction">
    <keyboard-shortcut first-keystroke="alt back_quote" />
  </action>
  <action id="Vcs.ReformatCommitMessage">
    <keyboard-shortcut first-keystroke="ctrl alt l" />
  </action>
  <action id="Vcs.RefreshFileHistory">
    <keyboard-shortcut first-keystroke="ctrl f5" />
  </action>
  <action id="Vcs.RollbackChangedLines">
    <keyboard-shortcut first-keystroke="ctrl alt z" />
  </action>
  <action id="Vcs.Shelf.Drop">
    <keyboard-shortcut first-keystroke="delete" />
  </action>
  <action id="Vcs.ShowMessageHistory">
    <keyboard-shortcut first-keystroke="ctrl m" />
  </action>
  <action id="Vcs.ToggleAmendCommitMode">
    <keyboard-shortcut first-keystroke="alt m" />
  </action>
  <action id="Vcs.UpdateProject">
    <keyboard-shortcut first-keystroke="ctrl t" />
  </action>
  <action id="VcsHistory.ShowAllAffected">
    <keyboard-shortcut first-keystroke="shift alt a" />
  </action>
  <action id="ViewBreakpoints">
    <keyboard-shortcut first-keystroke="shift ctrl f8" />
  </action>
  <action id="ViewSource">
    <keyboard-shortcut first-keystroke="ctrl enter" />
  </action>
  <action id="WD.UploadCurrentRemoteFileAction">
    <keyboard-shortcut first-keystroke="shift alt q" />
  </action>
  <action id="WebOpenInAction">
    <keyboard-shortcut first-keystroke="alt f2" />
  </action>
  <action id="WelcomeScreen.CopyProjectPath">
    <keyboard-shortcut first-keystroke="shift ctrl c" />
  </action>
  <action id="WelcomeScreen.RemoveSelected">
    <keyboard-shortcut first-keystroke="delete" />
  </action>
  <action id="XDebugger.AttachToProcess">
    <keyboard-shortcut first-keystroke="ctrl alt 5" />
  </action>
  <action id="XDebugger.CopyValue">
    <keyboard-shortcut first-keystroke="ctrl c" />
    <keyboard-shortcut first-keystroke="ctrl insert" />
  </action>
  <action id="XDebugger.CopyWatch">
    <keyboard-shortcut first-keystroke="ctrl d" />
  </action>
  <action id="XDebugger.EditWatch">
    <keyboard-shortcut first-keystroke="f2" />
  </action>
  <action id="XDebugger.JumpToSource">
    <keyboard-shortcut first-keystroke="f4" />
  </action>
  <action id="XDebugger.JumpToTypeSource">
    <keyboard-shortcut first-keystroke="shift f4" />
  </action>
  <action id="XDebugger.MoveWatchDown">
    <keyboard-shortcut first-keystroke="shift alt down" />
  </action>
  <action id="XDebugger.MoveWatchUp">
    <keyboard-shortcut first-keystroke="shift alt up" />
  </action>
  <action id="XDebugger.NewWatch">
    <keyboard-shortcut first-keystroke="insert" />
  </action>
  <action id="XDebugger.RemoveWatch">
    <keyboard-shortcut first-keystroke="delete" />
  </action>
  <action id="XDebugger.SetValue">
    <keyboard-shortcut first-keystroke="f2" />
  </action>
  <action id="XPathView.Actions.Evaluate">
    <keyboard-shortcut first-keystroke="ctrl alt x" second-keystroke="e" />
  </action>
  <action id="XPathView.Actions.FindByExpression">
    <keyboard-shortcut first-keystroke="ctrl alt x" second-keystroke="f" />
  </action>
  <action id="XPathView.Actions.ShowPath">
    <keyboard-shortcut first-keystroke="ctrl alt x" second-keystroke="p" />
  </action>
  <action id="ZoomInIdeAction" />
  <action id="ZoomOutIdeAction" />
  <action id="context.clear">
    <keyboard-shortcut first-keystroke="shift alt x" />
  </action>
  <action id="context.load">
    <keyboard-shortcut first-keystroke="shift alt l" />
  </action>
  <action id="context.save">
    <keyboard-shortcut first-keystroke="shift alt s" />
  </action>
  <action id="hg4idea.QFold">
    <keyboard-shortcut first-keystroke="shift alt d" />
  </action>
  <action id="hg4idea.QGotoFromPatches">
    <keyboard-shortcut first-keystroke="shift alt g" />
  </action>
  <action id="hg4idea.QPushAction">
    <keyboard-shortcut first-keystroke="shift alt p" />
  </action>
  <action id="hg4idea.add">
    <keyboard-shortcut first-keystroke="ctrl alt a" />
  </action>
  <action id="openAssertEqualsDiff">
    <keyboard-shortcut first-keystroke="ctrl d" />
  </action>
  <action id="org.intellij.plugins.markdown.ui.actions.styling.InsertImageAction">
    <keyboard-shortcut first-keystroke="ctrl u" />
  </action>
  <action id="org.intellij.plugins.markdown.ui.actions.styling.ToggleBoldAction">
    <keyboard-shortcut first-keystroke="ctrl b" />
  </action>
  <action id="org.intellij.plugins.markdown.ui.actions.styling.ToggleCodeSpanAction">
    <keyboard-shortcut first-keystroke="shift ctrl c" />
  </action>
  <action id="org.intellij.plugins.markdown.ui.actions.styling.ToggleItalicAction">
    <keyboard-shortcut first-keystroke="ctrl i" />
  </action>
  <action id="org.intellij.plugins.markdown.ui.actions.styling.ToggleStrikethroughAction">
    <keyboard-shortcut first-keystroke="shift ctrl s" />
  </action>
  <action id="refactoring.extract.dependency">
    <keyboard-shortcut first-keystroke="ctrl alt m" />
  </action>
  <action id="refactoring.introduce.property">
    <keyboard-shortcut first-keystroke="ctrl alt v" />
  </action>
  <action id="runShellFileAction">
    <keyboard-shortcut first-keystroke="shift ctrl f10" />
  </action>
  <action id="sql.ExtractFunctionAction">
    <keyboard-shortcut first-keystroke="ctrl alt m" />
  </action>
  <action id="sql.SelectInDatabaseView">
    <keyboard-shortcut first-keystroke="shift alt b" />
  </action>
  <action id="tasks.close">
    <keyboard-shortcut first-keystroke="shift alt w" />
  </action>
  <action id="tasks.goto">
    <keyboard-shortcut first-keystroke="shift alt n" />
  </action>
  <action id="tasks.open.in.browser">
    <keyboard-shortcut first-keystroke="shift alt b" />
  </action>
  <action id="tasks.switch">
    <keyboard-shortcut first-keystroke="shift alt t" />
  </action>
</keymap>