<application>
  <component name="ProjectManager">
    <defaultProject>
      <component name="PropertiesComponent">{
  &quot;keyToString&quot;: {
    &quot;go.import.settings.migrated&quot;: &quot;true&quot;,
    &quot;settings.editor.selected.configurable&quot;: &quot;http.proxy&quot;
  }
}</component>
      <component name="VcsDirectoryMappings" defaultProject="true" />
      <component name="WindowStateProjectService">
        <state x="1189" y="598" key="SettingsEditor" timestamp="1747741668417">
          <screen x="0" y="25" width="3360" height="1865" />
        </state>
        <state x="558" y="279" key="SettingsEditor.ideScale=125" timestamp="1748999102095">
          <screen x="0" y="44" width="1800" height="1125" />
        </state>
        <state x="1041" y="562" key="SettingsEditor.ideScale=125/-1800.1217.1800.1125/0.25.3360.1865" timestamp="1748057010168" />
        <state x="558" y="279" key="SettingsEditor.ideScale=125/0.44.1800.1125" timestamp="1748999102095" />
        <state x="1189" y="598" key="SettingsEditor/-1800.1217.1800.1125/0.25.3360.1865" timestamp="1747741668417" />
        <state x="0" y="25" width="800" height="621" key="new project wizard" timestamp="1747741682603">
          <screen x="0" y="25" width="3360" height="1865" />
        </state>
        <state x="0" y="44" width="1800" height="1125" key="new project wizard.ideScale=125" timestamp="1749000372562">
          <screen x="0" y="44" width="1800" height="1125" />
        </state>
        <state x="0" y="25" width="800" height="761" key="new project wizard.ideScale=125/-1800.1217.1800.1125/0.25.3360.1865" timestamp="1748263208234" />
        <state x="0" y="44" width="1800" height="1125" key="new project wizard.ideScale=125/0.44.1800.1125" timestamp="1749000372562" />
        <state x="0" y="25" width="800" height="621" key="new project wizard/-1800.1217.1800.1125/0.25.3360.1865" timestamp="1747741682603" />
        <state x="0" y="44" width="800" height="621" key="new project wizard/0.44.1800.1125" timestamp="1747664959046" />
      </component>
    </defaultProject>
  </component>
</application>