<application>
  <component name="Trusted.Paths">
    <option name="TRUSTED_PROJECT_PATHS">
      <map>
        <entry key="$USER_HOME$/Desktop/CS391-2025-Summer" value="true" />
        <entry key="$USER_HOME$/Desktop/CS391-2025-Summer-learn" value="true" />
        <entry key="$USER_HOME$/Desktop/LLMs-from-scratch" value="true" />
        <entry key="$USER_HOME$/Desktop/cosmos-sdk" value="true" />
        <entry key="$USER_HOME$/Desktop/ft_userdata" value="true" />
        <entry key="$USER_HOME$/Desktop/futuapi-rs" value="true" />
        <entry key="$USER_HOME$/Desktop/golio" value="true" />
        <entry key="$USER_HOME$/Desktop/hello" value="true" />
        <entry key="$USER_HOME$/Desktop/kt-demo" value="true" />
        <entry key="$USER_HOME$/Desktop/kt-demo2" value="true" />
        <entry key="$USER_HOME$/Desktop/learn-ocaml-workshop" value="true" />
        <entry key="$USER_HOME$/Desktop/learn-ocaml-workshop/03-lumines" value="true" />
        <entry key="$USER_HOME$/Desktop/notebook" value="true" />
        <entry key="$USER_HOME$/Desktop/openaium" value="true" />
        <entry key="$USER_HOME$/Desktop/py-demo" value="true" />
        <entry key="$USER_HOME$/Desktop/python-demo" value="true" />
        <entry key="$USER_HOME$/Desktop/python-test" value="true" />
        <entry key="$USER_HOME$/Desktop/script" value="true" />
        <entry key="$USER_HOME$/Desktop/shellcheck" value="true" />
        <entry key="$USER_HOME$/Desktop/test" value="true" />
        <entry key="$USER_HOME$/Desktop/untitled" value="true" />
        <entry key="$USER_HOME$/Desktop/untitled1" value="true" />
        <entry key="$USER_HOME$/IdeaProjects/untitled" value="true" />
        <entry key="$USER_HOME$/Projects/dev-insights" value="true" />
        <entry key="$USER_HOME$/Projects/trader" value="true" />
        <entry key="$USER_HOME$/github.com/open-webui" value="true" />
        <entry key="$USER_HOME$/github.com/ryqdev/dotfiles" value="true" />
        <entry key="$USER_HOME$/github.com/ryqdev/golden" value="true" />
        <entry key="$USER_HOME$/github.com/ryqdev/google-docs-vim" value="true" />
        <entry key="$USER_HOME$/github.com/ryqdev/ryqdev.github.io" value="true" />
        <entry key="$USER_HOME$/ryqdev.github.io" value="true" />
        <entry key="$USER_HOME$/ryqdev.github.io/dev/programming-language/ocaml/learn-ocaml-workshop" value="true" />
      </map>
    </option>
  </component>
  <component name="Trusted.Paths.Settings">
    <option name="TRUSTED_PATHS">
      <list>
        <option value="$USER_HOME$/Projects" />
        <option value="$USER_HOME$/ryqdev.github.io/dev/programming-language/ocaml" />
        <option value="$USER_HOME$/Desktop" />
        <option value="$USER_HOME$/github.com/ryqdev" />
      </list>
    </option>
  </component>
</application>