<application>
  <component name="DimensionService">
    <location key="find.popup.0.0.6016.3384@192dpi" x="794" y="2174" />
    <location key="find.popup.0.0.3024.1964@192dpi" x="1040" y="344" />
    <location key="find.popup.0.0.3600.2338@192dpi" x="1328" y="482" />
    <location key="find.popup.0.0.6720.3780@240dpi" x="2758" y="320" />
    <location key="find.popup.0.0.3600.2338@240dpi" x="1198" y="352" />
    <size key="find.popup.0.0.6016.3384@192dpi" width="1286" height="1620" />
    <size key="find.popup.0.0.3024.1964@192dpi" width="1286" height="1620" />
    <size key="GridCell.Tab.0.left.1334.3384.3024.1964@192dpi" width="2860" height="610" />
    <size key="GridCell.Tab.0.center.1334.3384.3024.1964@192dpi" width="2860" height="610" />
    <size key="GridCell.Tab.0.right.1334.3384.3024.1964@192dpi" width="2860" height="610" />
    <size key="GridCell.Tab.0.bottom.1334.3384.3024.1964@192dpi" width="2860" height="610" />
    <size key="GridCell.Tab.0.left.0.0.3024.1964@192dpi" width="2860" height="538" />
    <size key="GridCell.Tab.0.center.0.0.3024.1964@192dpi" width="2860" height="538" />
    <size key="GridCell.Tab.0.right.0.0.3024.1964@192dpi" width="2860" height="538" />
    <size key="GridCell.Tab.0.bottom.0.0.3024.1964@192dpi" width="2860" height="538" />
    <size key="find.popup.0.0.3600.2338@192dpi" width="1286" height="1620" />
    <size key="GridCell.Tab.0.left.0.0.3600.2338@192dpi" width="3436" height="658" />
    <size key="GridCell.Tab.0.center.0.0.3600.2338@192dpi" width="3436" height="658" />
    <size key="GridCell.Tab.0.right.0.0.3600.2338@192dpi" width="3436" height="658" />
    <size key="GridCell.Tab.0.bottom.0.0.3600.2338@192dpi" width="3436" height="658" />
    <size key="find.popup.0.0.6720.3780@240dpi" width="1582" height="1524" />
    <size key="GridCell.Tab.0.left.0.0.6720.3780@240dpi" width="6516" height="856" />
    <size key="GridCell.Tab.0.center.0.0.6720.3780@240dpi" width="6516" height="856" />
    <size key="GridCell.Tab.0.right.0.0.6720.3780@240dpi" width="6516" height="856" />
    <size key="GridCell.Tab.0.bottom.0.0.6720.3780@240dpi" width="6516" height="856" />
    <size key="find.popup.0.0.3600.2338@240dpi" width="1582" height="1324" />
  </component>
  <component name="WindowManager">
    <frame x="0" y="25" width="3360" height="1865" extendedState="6" />
  </component>
  <component name="WindowStateApplicationService">
    <state width="534" height="182" key="ShowUsagesActions.dimensionServiceKey.ideScale=125" timestamp="1749199051671">
      <screen x="0" y="44" width="1800" height="1125" />
    </state>
    <state width="534" height="192" key="ShowUsagesActions.dimensionServiceKey.ideScale=125/-1800.1106.1800.1125/0.25.3360.1865" timestamp="1747961556055" />
    <state width="534" height="192" key="ShowUsagesActions.dimensionServiceKey.ideScale=125/-1800.1217.1800.1125/0.25.3360.1865" timestamp="1748268831449" />
    <state width="534" height="182" key="ShowUsagesActions.dimensionServiceKey.ideScale=125/0.44.1800.1125" timestamp="1749199051671" />
    <state x="1680" y="957" width="3360" height="1865" key="WELCOME_SCREEN" timestamp="1747837517139">
      <screen x="0" y="25" width="3360" height="1865" />
    </state>
    <state x="1680" y="957" width="3360" height="1865" key="WELCOME_SCREEN.ideScale=125" timestamp="1751683288929">
      <screen x="0" y="25" width="3360" height="1865" />
    </state>
    <state x="1680" y="957" width="3360" height="1865" key="WELCOME_SCREEN.ideScale=125/-1800.1106.1800.1125/0.25.3360.1865" timestamp="1747962944609" />
    <state x="1680" y="957" width="3360" height="1865" key="WELCOME_SCREEN.ideScale=125/-1800.1217.1800.1125/0.25.3360.1865" timestamp="1748307198506" />
    <state x="1680" y="957" width="3360" height="1865" key="WELCOME_SCREEN.ideScale=125/-1800.1433.1800.1125/0.25.3360.1865" timestamp="1749979462920" />
    <state x="1680" y="957" width="3360" height="1865" key="WELCOME_SCREEN.ideScale=125/-1800.1436.1800.1125/0.25.3360.1865" timestamp="1750641108610" />
    <state x="1680" y="957" width="3360" height="1865" key="WELCOME_SCREEN.ideScale=125/-1800.928.1800.1125/0.25.3360.1865" timestamp="1751293280454" />
    <state x="900" y="606" width="1800" height="1125" key="WELCOME_SCREEN.ideScale=125/0.44.1800.1125" timestamp="1751502970731" />
    <state x="1680" y="957" width="3360" height="1865" key="WELCOME_SCREEN.ideScale=125/657.1934.1800.1125/0.25.3360.1865" timestamp="1749514721642" />
    <state x="1680" y="957" width="3360" height="1865" key="WELCOME_SCREEN.ideScale=125/747.1934.1800.1125/0.25.3360.1865" timestamp="1751683288929" />
    <state x="1680" y="957" width="3360" height="1865" key="WELCOME_SCREEN/-1800.1217.1800.1125/0.25.3360.1865" timestamp="1747837517139" />
    <state x="900" y="606" width="1800" height="1125" key="WELCOME_SCREEN/0.44.1800.1125" timestamp="1747666194128" />
    <state x="1680" y="957" width="3360" height="1865" key="WELCOME_SCREEN/806.1934.1800.1125/0.25.3360.1865" timestamp="1747705069458" />
    <state x="1057" y="873" key="ide.config.custom.settings" timestamp="1747741507210">
      <screen x="0" y="25" width="3360" height="1865" />
    </state>
    <state x="1057" y="873" key="ide.config.custom.settings/-1800.1217.1800.1125/0.25.3360.1865" timestamp="1747741507210" />
    <state width="700" height="1086" key="manage.recent.projects.popup.ideScale=125" timestamp="1751683073879">
      <screen x="0" y="25" width="3360" height="1865" />
    </state>
    <state width="700" height="1086" key="manage.recent.projects.popup.ideScale=125/-1800.1433.1800.1125/0.25.3360.1865" timestamp="1749979197404" />
    <state width="375" height="655" key="manage.recent.projects.popup.ideScale=125/0.44.1800.1125" timestamp="1749197176332" />
    <state width="700" height="1086" key="manage.recent.projects.popup.ideScale=125/747.1934.1800.1125/0.25.3360.1865" timestamp="1751683073879" />
  </component>
</application>